<?xml version='1.0' encoding='utf-8'?>
<!DOCTYPE hibernate-configuration PUBLIC
        "-//Hibernate/Hibernate Configuration DTD//EN"
        "http://www.hibernate.org/dtd/hibernate-configuration-3.0.dtd">

<hibernate-configuration>
    <session-factory>
        <property name="connection.url">jdbc:mysql://localhost:3306/ESD_PROJECT_FINAL?createDatabaseIfNotExist=true</property>
        <property name="connection.username">deepak</property>
        <property name="connection.password">password</property>
        <property name="connection.driver_class">com.mysql.cj.jdbc.Driver</property>

        <!-- DB schema will be updated if needed -->
        <property name="hibernate.hbm2ddl.auto">update</property>
        <property name="show_sql">true</property>
        <mapping class="com.example.org.bean.Student"/>
        <mapping class="com.example.org.bean.Exam"/>
        <mapping class="com.example.org.bean.Test"/>
        <mapping class="com.example.org.bean.Evaluation"/>


    </session-factory>

</hibernate-configuration>